GEO.id,GEO.id2,GEO.display-label,HD01_VD01,HD02_VD01
Id,Id2,Geography,Estimate; Median value (dollars),Margin of Error; Median value (dollars)
1400000US06073000100,06073000100,"Census Tract 1, San Diego County, California",940100,60279
1400000US06073000201,06073000201,"Census Tract 2.01, San Diego County, California",740400,100743
1400000US06073000202,06073000202,"Census Tract 2.02, San Diego County, California",566000,132165
1400000US06073000300,06073000300,"Census Tract 3, San Diego County, California",484500,42633
1400000US06073000400,06073000400,"Census Tract 4, San Diego County, California",348300,84740
1400000US06073000500,06073000500,"Census Tract 5, San Diego County, California",678600,83659
1400000US06073000600,06073000600,"Census Tract 6, San Diego County, California",411600,36720
1400000US06073000700,06073000700,"Census Tract 7, San Diego County, California",443200,112060
1400000US06073000800,06073000800,"Census Tract 8, San Diego County, California",383500,62713
1400000US06073000900,06073000900,"Census Tract 9, San Diego County, California",300000,79133
1400000US06073001000,06073001000,"Census Tract 10, San Diego County, California",375800,62701
1400000US06073001100,06073001100,"Census Tract 11, San Diego County, California",294700,109509
1400000US06073001200,06073001200,"Census Tract 12, San Diego County, California",263500,41043
1400000US06073001300,06073001300,"Census Tract 13, San Diego County, California",209800,35848
1400000US06073001400,06073001400,"Census Tract 14, San Diego County, California",573200,51779
1400000US06073001500,06073001500,"Census Tract 15, San Diego County, California",436000,25374
1400000US06073001600,06073001600,"Census Tract 16, San Diego County, California",234200,74612
1400000US06073001700,06073001700,"Census Tract 17, San Diego County, California",336500,31209
1400000US06073001800,06073001800,"Census Tract 18, San Diego County, California",294000,36883
1400000US06073001900,06073001900,"Census Tract 19, San Diego County, California",483500,28095
1400000US06073002001,06073002001,"Census Tract 20.01, San Diego County, California",758700,57374
1400000US06073002002,06073002002,"Census Tract 20.02, San Diego County, California",544900,44051
1400000US06073002100,06073002100,"Census Tract 21, San Diego County, California",386500,78260
1400000US06073002201,06073002201,"Census Tract 22.01, San Diego County, California",340900,224086
1400000US06073002202,06073002202,"Census Tract 22.02, San Diego County, California",219600,23242
1400000US06073002301,06073002301,"Census Tract 23.01, San Diego County, California",305000,281048
1400000US06073002302,06073002302,"Census Tract 23.02, San Diego County, California",161900,95472
1400000US06073002401,06073002401,"Census Tract 24.01, San Diego County, California",268200,36010
1400000US06073002402,06073002402,"Census Tract 24.02, San Diego County, California",292900,210284
1400000US06073002501,06073002501,"Census Tract 25.01, San Diego County, California",277500,23390
1400000US06073002502,06073002502,"Census Tract 25.02, San Diego County, California",305800,22345
1400000US06073002601,06073002601,"Census Tract 26.01, San Diego County, California",266600,28241
1400000US06073002602,06073002602,"Census Tract 26.02, San Diego County, California",247800,56780
1400000US06073002702,06073002702,"Census Tract 27.02, San Diego County, California",310600,33648
1400000US06073002703,06073002703,"Census Tract 27.03, San Diego County, California",248400,30914
1400000US06073002705,06073002705,"Census Tract 27.05, San Diego County, California",250100,20701
1400000US06073002707,06073002707,"Census Tract 27.07, San Diego County, California",239600,156429
1400000US06073002708,06073002708,"Census Tract 27.08, San Diego County, California",258300,213716
1400000US06073002709,06073002709,"Census Tract 27.09, San Diego County, California",274200,68625
1400000US06073002710,06073002710,"Census Tract 27.10, San Diego County, California",296800,31949
1400000US06073002711,06073002711,"Census Tract 27.11, San Diego County, California",264400,27891
1400000US06073002712,06073002712,"Census Tract 27.12, San Diego County, California",211500,58527
1400000US06073002801,06073002801,"Census Tract 28.01, San Diego County, California",591100,49751
1400000US06073002803,06073002803,"Census Tract 28.03, San Diego County, California",328100,49863
1400000US06073002804,06073002804,"Census Tract 28.04, San Diego County, California",458900,14693
1400000US06073002902,06073002902,"Census Tract 29.02, San Diego County, California",367100,16166
1400000US06073002903,06073002903,"Census Tract 29.03, San Diego County, California",303100,23738
1400000US06073002904,06073002904,"Census Tract 29.04, San Diego County, California",386400,29610
1400000US06073002905,06073002905,"Census Tract 29.05, San Diego County, California",355000,19950
1400000US06073003001,06073003001,"Census Tract 30.01, San Diego County, California",274400,24604
1400000US06073003003,06073003003,"Census Tract 30.03, San Diego County, California",310500,26792
1400000US06073003004,06073003004,"Census Tract 30.04, San Diego County, California",244600,18106
1400000US06073003101,06073003101,"Census Tract 31.01, San Diego County, California",233600,16377
1400000US06073003103,06073003103,"Census Tract 31.03, San Diego County, California",277500,11876
1400000US06073003105,06073003105,"Census Tract 31.05, San Diego County, California",252900,22507
1400000US06073003107,06073003107,"Census Tract 31.07, San Diego County, California",249000,22473
1400000US06073003108,06073003108,"Census Tract 31.08, San Diego County, California",264000,15091
1400000US06073003109,06073003109,"Census Tract 31.09, San Diego County, California",315100,20340
1400000US06073003111,06073003111,"Census Tract 31.11, San Diego County, California",260300,24906
1400000US06073003112,06073003112,"Census Tract 31.12, San Diego County, California",228400,50750
1400000US06073003113,06073003113,"Census Tract 31.13, San Diego County, California",280700,13244
1400000US06073003114,06073003114,"Census Tract 31.14, San Diego County, California",320000,19256
1400000US06073003115,06073003115,"Census Tract 31.15, San Diego County, California",274700,12082
1400000US06073003201,06073003201,"Census Tract 32.01, San Diego County, California",301600,37436
1400000US06073003202,06073003202,"Census Tract 32.02, San Diego County, California",256500,40283
1400000US06073003204,06073003204,"Census Tract 32.04, San Diego County, California",361900,24287
1400000US06073003207,06073003207,"Census Tract 32.07, San Diego County, California",514300,48101
1400000US06073003208,06073003208,"Census Tract 32.08, San Diego County, California",213400,24589
1400000US06073003209,06073003209,"Census Tract 32.09, San Diego County, California",191000,39346
1400000US06073003211,06073003211,"Census Tract 32.11, San Diego County, California",282600,8933
1400000US06073003212,06073003212,"Census Tract 32.12, San Diego County, California",321800,28108
1400000US06073003213,06073003213,"Census Tract 32.13, San Diego County, California",326500,25166
1400000US06073003214,06073003214,"Census Tract 32.14, San Diego County, California",242000,26512
1400000US06073003301,06073003301,"Census Tract 33.01, San Diego County, California",238500,65721
1400000US06073003303,06073003303,"Census Tract 33.03, San Diego County, California",239600,43958
1400000US06073003304,06073003304,"Census Tract 33.04, San Diego County, California",36600,40921
1400000US06073003305,06073003305,"Census Tract 33.05, San Diego County, California",268200,46203
1400000US06073003401,06073003401,"Census Tract 34.01, San Diego County, California",248500,27780
1400000US06073003403,06073003403,"Census Tract 34.03, San Diego County, California",231400,18950
1400000US06073003404,06073003404,"Census Tract 34.04, San Diego County, California",213600,25103
1400000US06073003501,06073003501,"Census Tract 35.01, San Diego County, California",235600,14006
1400000US06073003502,06073003502,"Census Tract 35.02, San Diego County, California",222400,28098
1400000US06073003601,06073003601,"Census Tract 36.01, San Diego County, California",209900,31797
1400000US06073003602,06073003602,"Census Tract 36.02, San Diego County, California",230900,21945
1400000US06073003603,06073003603,"Census Tract 36.03, San Diego County, California",249200,130467
1400000US06073003800,06073003800,"Census Tract 38, San Diego County, California",-,**
1400000US06073003901,06073003901,"Census Tract 39.01, San Diego County, California",186900,22494
1400000US06073003902,06073003902,"Census Tract 39.02, San Diego County, California",299100,84426
1400000US06073004000,06073004000,"Census Tract 40, San Diego County, California",224600,31779
1400000US06073004100,06073004100,"Census Tract 41, San Diego County, California",325700,50431
1400000US06073004200,06073004200,"Census Tract 42, San Diego County, California",500000,55629
1400000US06073004300,06073004300,"Census Tract 43, San Diego County, California",633800,27723
1400000US06073004400,06073004400,"Census Tract 44, San Diego County, California",541400,58449
1400000US06073004501,06073004501,"Census Tract 45.01, San Diego County, California",439700,158878
1400000US06073004600,06073004600,"Census Tract 46, San Diego County, California",557000,136133
1400000US06073004700,06073004700,"Census Tract 47, San Diego County, California",394400,104512
1400000US06073004800,06073004800,"Census Tract 48, San Diego County, California",220800,200781
1400000US06073004900,06073004900,"Census Tract 49, San Diego County, California",277400,74238
1400000US06073005000,06073005000,"Census Tract 50, San Diego County, California",223400,29749
1400000US06073005100,06073005100,"Census Tract 51, San Diego County, California",374100,60707
1400000US06073005200,06073005200,"Census Tract 52, San Diego County, California",294200,39404
1400000US06073005300,06073005300,"Census Tract 53, San Diego County, California",917900,282985
1400000US06073005400,06073005400,"Census Tract 54, San Diego County, California",568400,63408
1400000US06073005500,06073005500,"Census Tract 55, San Diego County, California",-,**
1400000US06073005600,06073005600,"Census Tract 56, San Diego County, California",404700,53179
1400000US06073005700,06073005700,"Census Tract 57, San Diego County, California",390000,270162
1400000US06073005800,06073005800,"Census Tract 58, San Diego County, California",350000,42897
1400000US06073005900,06073005900,"Census Tract 59, San Diego County, California",355600,55270
1400000US06073006000,06073006000,"Census Tract 60, San Diego County, California",603300,49056
1400000US06073006100,06073006100,"Census Tract 61, San Diego County, California",451700,192628
1400000US06073006200,06073006200,"Census Tract 62, San Diego County, California",-,**
1400000US06073006300,06073006300,"Census Tract 63, San Diego County, California",-,**
1400000US06073006500,06073006500,"Census Tract 65, San Diego County, California",373600,112579
1400000US06073006600,06073006600,"Census Tract 66, San Diego County, California",-,**
1400000US06073006801,06073006801,"Census Tract 68.01, San Diego County, California",317600,19042
1400000US06073006802,06073006802,"Census Tract 68.02, San Diego County, California",372000,31756
1400000US06073006900,06073006900,"Census Tract 69, San Diego County, California",761400,70921
1400000US06073007002,06073007002,"Census Tract 70.02, San Diego County, California",793600,48253
1400000US06073007100,06073007100,"Census Tract 71, San Diego County, California",978900,87520
1400000US06073007200,06073007200,"Census Tract 72, San Diego County, California",926600,32742
1400000US06073007301,06073007301,"Census Tract 73.01, San Diego County, California",566300,73835
1400000US06073007302,06073007302,"Census Tract 73.02, San Diego County, California",784500,60448
1400000US06073007400,06073007400,"Census Tract 74, San Diego County, California",477000,47652
1400000US06073007501,06073007501,"Census Tract 75.01, San Diego County, California",485700,78970
1400000US06073007502,06073007502,"Census Tract 75.02, San Diego County, California",708300,160990
1400000US06073007600,06073007600,"Census Tract 76, San Diego County, California",835200,121193
1400000US06073007701,06073007701,"Census Tract 77.01, San Diego County, California",765600,102331
1400000US06073007702,06073007702,"Census Tract 77.02, San Diego County, California",648000,183565
1400000US06073007800,06073007800,"Census Tract 78, San Diego County, California",692600,95990
1400000US06073007903,06073007903,"Census Tract 79.03, San Diego County, California",326000,71538
1400000US06073007905,06073007905,"Census Tract 79.05, San Diego County, California",631900,60504
1400000US06073007907,06073007907,"Census Tract 79.07, San Diego County, California",482800,130544
1400000US06073007908,06073007908,"Census Tract 79.08, San Diego County, California",421800,58289
1400000US06073007910,06073007910,"Census Tract 79.10, San Diego County, California",809900,164197
1400000US06073008002,06073008002,"Census Tract 80.02, San Diego County, California",785300,77617
1400000US06073008003,06073008003,"Census Tract 80.03, San Diego County, California",756800,92217
1400000US06073008006,06073008006,"Census Tract 80.06, San Diego County, California",703900,119896
1400000US06073008101,06073008101,"Census Tract 81.01, San Diego County, California","1,000,000+",***
1400000US06073008102,06073008102,"Census Tract 81.02, San Diego County, California","1,000,000+",***
1400000US06073008200,06073008200,"Census Tract 82, San Diego County, California","1,000,000+",***
1400000US06073008301,06073008301,"Census Tract 83.01, San Diego County, California",799900,49073
1400000US06073008303,06073008303,"Census Tract 83.03, San Diego County, California","1,000,000+",***
1400000US06073008305,06073008305,"Census Tract 83.05, San Diego County, California",427300,79188
1400000US06073008306,06073008306,"Census Tract 83.06, San Diego County, California",684000,27354
1400000US06073008307,06073008307,"Census Tract 83.07, San Diego County, California",617400,22175
1400000US06073008310,06073008310,"Census Tract 83.10, San Diego County, California","1,000,000+",***
1400000US06073008311,06073008311,"Census Tract 83.11, San Diego County, California","1,000,000+",***
1400000US06073008312,06073008312,"Census Tract 83.12, San Diego County, California","1,000,000+",***
1400000US06073008313,06073008313,"Census Tract 83.13, San Diego County, California","1,000,000+",***
1400000US06073008324,06073008324,"Census Tract 83.24, San Diego County, California","1,000,000+",***
1400000US06073008327,06073008327,"Census Tract 83.27, San Diego County, California",813400,44273
1400000US06073008328,06073008328,"Census Tract 83.28, San Diego County, California","1,000,000+",***
1400000US06073008329,06073008329,"Census Tract 83.29, San Diego County, California",414800,22607
1400000US06073008330,06073008330,"Census Tract 83.30, San Diego County, California",756700,50474
1400000US06073008331,06073008331,"Census Tract 83.31, San Diego County, California",727500,41094
1400000US06073008333,06073008333,"Census Tract 83.33, San Diego County, California",925500,33700
1400000US06073008335,06073008335,"Census Tract 83.35, San Diego County, California",675300,21859
1400000US06073008336,06073008336,"Census Tract 83.36, San Diego County, California",603600,12177
1400000US06073008337,06073008337,"Census Tract 83.37, San Diego County, California",555700,24027
1400000US06073008339,06073008339,"Census Tract 83.39, San Diego County, California",354000,37156
1400000US06073008340,06073008340,"Census Tract 83.40, San Diego County, California",600400,52849
1400000US06073008341,06073008341,"Census Tract 83.41, San Diego County, California",368700,32365
1400000US06073008343,06073008343,"Census Tract 83.43, San Diego County, California",356300,16514
1400000US06073008344,06073008344,"Census Tract 83.44, San Diego County, California",615300,14553
1400000US06073008345,06073008345,"Census Tract 83.45, San Diego County, California",586000,37172
1400000US06073008346,06073008346,"Census Tract 83.46, San Diego County, California",599700,24795
1400000US06073008347,06073008347,"Census Tract 83.47, San Diego County, California",404900,19348
1400000US06073008348,06073008348,"Census Tract 83.48, San Diego County, California",416800,18303
1400000US06073008349,06073008349,"Census Tract 83.49, San Diego County, California",389300,21333
1400000US06073008350,06073008350,"Census Tract 83.50, San Diego County, California",402800,25287
1400000US06073008351,06073008351,"Census Tract 83.51, San Diego County, California",367000,13987
1400000US06073008352,06073008352,"Census Tract 83.52, San Diego County, California",354900,22682
1400000US06073008353,06073008353,"Census Tract 83.53, San Diego County, California",410500,21872
1400000US06073008354,06073008354,"Census Tract 83.54, San Diego County, California",458000,16623
1400000US06073008355,06073008355,"Census Tract 83.55, San Diego County, California",442700,15864
1400000US06073008356,06073008356,"Census Tract 83.56, San Diego County, California",274700,42139
1400000US06073008357,06073008357,"Census Tract 83.57, San Diego County, California",317500,23003
1400000US06073008358,06073008358,"Census Tract 83.58, San Diego County, California",320300,21593
1400000US06073008359,06073008359,"Census Tract 83.59, San Diego County, California",106300,20798
1400000US06073008360,06073008360,"Census Tract 83.60, San Diego County, California",281100,48896
1400000US06073008361,06073008361,"Census Tract 83.61, San Diego County, California",332300,39081
1400000US06073008362,06073008362,"Census Tract 83.62, San Diego County, California",460300,25886
1400000US06073008363,06073008363,"Census Tract 83.63, San Diego County, California",266000,38613
1400000US06073008364,06073008364,"Census Tract 83.64, San Diego County, California",395400,128733
1400000US06073008365,06073008365,"Census Tract 83.65, San Diego County, California",695800,42440
1400000US06073008366,06073008366,"Census Tract 83.66, San Diego County, California",622300,12938
1400000US06073008501,06073008501,"Census Tract 85.01, San Diego County, California",443100,23104
1400000US06073008502,06073008502,"Census Tract 85.02, San Diego County, California",421600,24531
1400000US06073008503,06073008503,"Census Tract 85.03, San Diego County, California",514700,46354
1400000US06073008504,06073008504,"Census Tract 85.04, San Diego County, California",448800,22786
1400000US06073008505,06073008505,"Census Tract 85.05, San Diego County, California",421900,29797
1400000US06073008506,06073008506,"Census Tract 85.06, San Diego County, California",395100,21036
1400000US06073008507,06073008507,"Census Tract 85.07, San Diego County, California",425000,21068
1400000US06073008509,06073008509,"Census Tract 85.09, San Diego County, California",405900,30173
1400000US06073008510,06073008510,"Census Tract 85.10, San Diego County, California",356200,17430
1400000US06073008511,06073008511,"Census Tract 85.11, San Diego County, California",265800,123115
1400000US06073008512,06073008512,"Census Tract 85.12, San Diego County, California",444200,15654
1400000US06073008513,06073008513,"Census Tract 85.13, San Diego County, California",473600,14314
1400000US06073008600,06073008600,"Census Tract 86, San Diego County, California",277500,46387
1400000US06073008701,06073008701,"Census Tract 87.01, San Diego County, California",313200,43657
1400000US06073008702,06073008702,"Census Tract 87.02, San Diego County, California",377700,24018
1400000US06073008800,06073008800,"Census Tract 88, San Diego County, California",379900,29844
1400000US06073008901,06073008901,"Census Tract 89.01, San Diego County, California",305300,30888
1400000US06073008902,06073008902,"Census Tract 89.02, San Diego County, California",278700,18317
1400000US06073009000,06073009000,"Census Tract 90, San Diego County, California",442100,15469
1400000US06073009101,06073009101,"Census Tract 91.01, San Diego County, California",580500,29973
1400000US06073009102,06073009102,"Census Tract 91.02, San Diego County, California",410100,48974
1400000US06073009103,06073009103,"Census Tract 91.03, San Diego County, California",581900,32630
1400000US06073009104,06073009104,"Census Tract 91.04, San Diego County, California",598700,26502
1400000US06073009106,06073009106,"Census Tract 91.06, San Diego County, California",539500,63016
1400000US06073009107,06073009107,"Census Tract 91.07, San Diego County, California",322200,24788
1400000US06073009201,06073009201,"Census Tract 92.01, San Diego County, California",360300,11333
1400000US06073009202,06073009202,"Census Tract 92.02, San Diego County, California",434100,11856
1400000US06073009301,06073009301,"Census Tract 93.01, San Diego County, California",360700,19978
1400000US06073009304,06073009304,"Census Tract 93.04, San Diego County, California",268500,45162
1400000US06073009305,06073009305,"Census Tract 93.05, San Diego County, California",436800,15284
1400000US06073009306,06073009306,"Census Tract 93.06, San Diego County, California",461800,37779
1400000US06073009400,06073009400,"Census Tract 94, San Diego County, California","1,000,000+",***
1400000US06073009502,06073009502,"Census Tract 95.02, San Diego County, California",478200,41701
1400000US06073009504,06073009504,"Census Tract 95.04, San Diego County, California",890100,23673
1400000US06073009505,06073009505,"Census Tract 95.05, San Diego County, California",563800,30496
1400000US06073009506,06073009506,"Census Tract 95.06, San Diego County, California",395300,21261
1400000US06073009507,06073009507,"Census Tract 95.07, San Diego County, California",507600,49086
1400000US06073009509,06073009509,"Census Tract 95.09, San Diego County, California",579200,83207
1400000US06073009510,06073009510,"Census Tract 95.10, San Diego County, California",-,**
1400000US06073009511,06073009511,"Census Tract 95.11, San Diego County, California",-,**
1400000US06073009602,06073009602,"Census Tract 96.02, San Diego County, California",377100,21873
1400000US06073009603,06073009603,"Census Tract 96.03, San Diego County, California",211900,37209
1400000US06073009604,06073009604,"Census Tract 96.04, San Diego County, California",394100,26340
1400000US06073009703,06073009703,"Census Tract 97.03, San Diego County, California",411800,20423
1400000US06073009704,06073009704,"Census Tract 97.04, San Diego County, California",457200,23344
1400000US06073009705,06073009705,"Census Tract 97.05, San Diego County, California",541100,37510
1400000US06073009706,06073009706,"Census Tract 97.06, San Diego County, California",595900,28491
1400000US06073009801,06073009801,"Census Tract 98.01, San Diego County, California",468400,36050
1400000US06073009802,06073009802,"Census Tract 98.02, San Diego County, California",376300,28637
1400000US06073009804,06073009804,"Census Tract 98.04, San Diego County, California",427800,11342
1400000US06073009805,06073009805,"Census Tract 98.05, San Diego County, California",435800,25257
1400000US06073009901,06073009901,"Census Tract 99.01, San Diego County, California",-,**
1400000US06073009902,06073009902,"Census Tract 99.02, San Diego County, California",-,**
1400000US06073010001,06073010001,"Census Tract 100.01, San Diego County, California",278000,16785
1400000US06073010003,06073010003,"Census Tract 100.03, San Diego County, California",266600,13668
1400000US06073010004,06073010004,"Census Tract 100.04, San Diego County, California",243300,11519
1400000US06073010005,06073010005,"Census Tract 100.05, San Diego County, California",253800,25434
1400000US06073010009,06073010009,"Census Tract 100.09, San Diego County, California",290800,19481
1400000US06073010010,06073010010,"Census Tract 100.10, San Diego County, California",193800,46091
1400000US06073010011,06073010011,"Census Tract 100.11, San Diego County, California",270700,19624
1400000US06073010012,06073010012,"Census Tract 100.12, San Diego County, California",226700,49425
1400000US06073010013,06073010013,"Census Tract 100.13, San Diego County, California",227300,67419
1400000US06073010014,06073010014,"Census Tract 100.14, San Diego County, California",362500,9775
1400000US06073010015,06073010015,"Census Tract 100.15, San Diego County, California",343000,16014
1400000US06073010103,06073010103,"Census Tract 101.03, San Diego County, California",211000,52536
1400000US06073010104,06073010104,"Census Tract 101.04, San Diego County, California",273700,15476
1400000US06073010106,06073010106,"Census Tract 101.06, San Diego County, California",159300,15170
1400000US06073010107,06073010107,"Census Tract 101.07, San Diego County, California",200600,28802
1400000US06073010109,06073010109,"Census Tract 101.09, San Diego County, California",272800,12373
1400000US06073010110,06073010110,"Census Tract 101.10, San Diego County, California",259100,16778
1400000US06073010111,06073010111,"Census Tract 101.11, San Diego County, California",280300,44088
1400000US06073010112,06073010112,"Census Tract 101.12, San Diego County, California",128300,23012
1400000US06073010200,06073010200,"Census Tract 102, San Diego County, California",351800,20161
1400000US06073010300,06073010300,"Census Tract 103, San Diego County, California",347600,15308
1400000US06073010401,06073010401,"Census Tract 104.01, San Diego County, California",251200,64730
1400000US06073010402,06073010402,"Census Tract 104.02, San Diego County, California",327700,31571
1400000US06073010501,06073010501,"Census Tract 105.01, San Diego County, California",341700,38145
1400000US06073010502,06073010502,"Census Tract 105.02, San Diego County, California",315000,79186
1400000US06073010601,06073010601,"Census Tract 106.01, San Diego County, California",971300,71939
1400000US06073010800,06073010800,"Census Tract 108, San Diego County, California","1,000,000+",***
1400000US06073010900,06073010900,"Census Tract 109, San Diego County, California","1,000,000+",***
1400000US06073011000,06073011000,"Census Tract 110, San Diego County, California","1,000,000+",***
1400000US06073011100,06073011100,"Census Tract 111, San Diego County, California","1,000,000+",***
1400000US06073011300,06073011300,"Census Tract 113, San Diego County, California",-,**
1400000US06073011601,06073011601,"Census Tract 116.01, San Diego County, California",203600,48129
1400000US06073011602,06073011602,"Census Tract 116.02, San Diego County, California",230100,50573
1400000US06073011700,06073011700,"Census Tract 117, San Diego County, California",263900,64024
1400000US06073011801,06073011801,"Census Tract 118.01, San Diego County, California",215600,28096
1400000US06073011802,06073011802,"Census Tract 118.02, San Diego County, California",203300,40751
1400000US06073011902,06073011902,"Census Tract 119.02, San Diego County, California",281900,14320
1400000US06073012002,06073012002,"Census Tract 120.02, San Diego County, California",285500,36504
1400000US06073012003,06073012003,"Census Tract 120.03, San Diego County, California",288500,14085
1400000US06073012101,06073012101,"Census Tract 121.01, San Diego County, California",298100,47258
1400000US06073012102,06073012102,"Census Tract 121.02, San Diego County, California",266400,28900
1400000US06073012200,06073012200,"Census Tract 122, San Diego County, California",225000,44904
1400000US06073012302,06073012302,"Census Tract 123.02, San Diego County, California",225000,105777
1400000US06073012303,06073012303,"Census Tract 123.03, San Diego County, California",353200,10513
1400000US06073012304,06073012304,"Census Tract 123.04, San Diego County, California",384600,37818
1400000US06073012401,06073012401,"Census Tract 124.01, San Diego County, California",150000,83590
1400000US06073012402,06073012402,"Census Tract 124.02, San Diego County, California",246800,31146
1400000US06073012501,06073012501,"Census Tract 125.01, San Diego County, California",17600,22782
1400000US06073012502,06073012502,"Census Tract 125.02, San Diego County, California",19500,19989
1400000US06073012600,06073012600,"Census Tract 126, San Diego County, California",250700,35234
1400000US06073012700,06073012700,"Census Tract 127, San Diego County, California",223600,26117
1400000US06073012800,06073012800,"Census Tract 128, San Diego County, California",292400,20632
1400000US06073012900,06073012900,"Census Tract 129, San Diego County, California",320900,19706
1400000US06073013000,06073013000,"Census Tract 130, San Diego County, California",332700,14076
1400000US06073013102,06073013102,"Census Tract 131.02, San Diego County, California",273700,32881
1400000US06073013103,06073013103,"Census Tract 131.03, San Diego County, California",221200,162658
1400000US06073013104,06073013104,"Census Tract 131.04, San Diego County, California",278200,20523
1400000US06073013203,06073013203,"Census Tract 132.03, San Diego County, California",320300,31490
1400000US06073013204,06073013204,"Census Tract 132.04, San Diego County, California",105600,42931
1400000US06073013205,06073013205,"Census Tract 132.05, San Diego County, California",35000,23736
1400000US06073013206,06073013206,"Census Tract 132.06, San Diego County, California",75600,51397
1400000US06073013301,06073013301,"Census Tract 133.01, San Diego County, California",311200,20225
1400000US06073013302,06073013302,"Census Tract 133.02, San Diego County, California",322800,18257
1400000US06073013303,06073013303,"Census Tract 133.03, San Diego County, California",236200,25860
1400000US06073013306,06073013306,"Census Tract 133.06, San Diego County, California",307900,18105
1400000US06073013307,06073013307,"Census Tract 133.07, San Diego County, California",270700,41355
1400000US06073013308,06073013308,"Census Tract 133.08, San Diego County, California",168800,14291
1400000US06073013309,06073013309,"Census Tract 133.09, San Diego County, California",357500,12553
1400000US06073013310,06073013310,"Census Tract 133.10, San Diego County, California",412700,24101
1400000US06073013311,06073013311,"Census Tract 133.11, San Diego County, California",354300,11474
1400000US06073013312,06073013312,"Census Tract 133.12, San Diego County, California",231500,43532
1400000US06073013313,06073013313,"Census Tract 133.13, San Diego County, California",403500,26349
1400000US06073013314,06073013314,"Census Tract 133.14, San Diego County, California",383500,22788
1400000US06073013401,06073013401,"Census Tract 134.01, San Diego County, California",358200,15136
1400000US06073013409,06073013409,"Census Tract 134.09, San Diego County, California",376100,13531
1400000US06073013410,06073013410,"Census Tract 134.10, San Diego County, California",448500,31002
1400000US06073013411,06073013411,"Census Tract 134.11, San Diego County, California",496300,32811
1400000US06073013412,06073013412,"Census Tract 134.12, San Diego County, California",481600,33119
1400000US06073013414,06073013414,"Census Tract 134.14, San Diego County, California",374900,24300
1400000US06073013415,06073013415,"Census Tract 134.15, San Diego County, California",328400,37745
1400000US06073013416,06073013416,"Census Tract 134.16, San Diego County, California",423600,16730
1400000US06073013417,06073013417,"Census Tract 134.17, San Diego County, California",451600,17777
1400000US06073013418,06073013418,"Census Tract 134.18, San Diego County, California",297000,28288
1400000US06073013419,06073013419,"Census Tract 134.19, San Diego County, California",405000,31530
1400000US06073013420,06073013420,"Census Tract 134.20, San Diego County, California",377100,18877
1400000US06073013421,06073013421,"Census Tract 134.21, San Diego County, California",396600,35633
1400000US06073013503,06073013503,"Census Tract 135.03, San Diego County, California",336300,14281
1400000US06073013504,06073013504,"Census Tract 135.04, San Diego County, California",346900,18183
1400000US06073013505,06073013505,"Census Tract 135.05, San Diego County, California",310300,37375
1400000US06073013506,06073013506,"Census Tract 135.06, San Diego County, California",389400,60161
1400000US06073013601,06073013601,"Census Tract 136.01, San Diego County, California",456200,26172
1400000US06073013604,06073013604,"Census Tract 136.04, San Diego County, California",443600,34295
1400000US06073013605,06073013605,"Census Tract 136.05, San Diego County, California",573700,56335
1400000US06073013606,06073013606,"Census Tract 136.06, San Diego County, California",327000,36900
1400000US06073013701,06073013701,"Census Tract 137.01, San Diego County, California",533300,61201
1400000US06073013702,06073013702,"Census Tract 137.02, San Diego County, California",361900,27790
1400000US06073013801,06073013801,"Census Tract 138.01, San Diego County, California",359900,15309
1400000US06073013802,06073013802,"Census Tract 138.02, San Diego County, California",197500,84619
1400000US06073013903,06073013903,"Census Tract 139.03, San Diego County, California",275400,18322
1400000US06073013905,06073013905,"Census Tract 139.05, San Diego County, California",343000,18900
1400000US06073013906,06073013906,"Census Tract 139.06, San Diego County, California",214600,25137
1400000US06073013907,06073013907,"Census Tract 139.07, San Diego County, California",118000,38468
1400000US06073013908,06073013908,"Census Tract 139.08, San Diego County, California",291800,26481
1400000US06073013909,06073013909,"Census Tract 139.09, San Diego County, California",236800,16598
1400000US06073014001,06073014001,"Census Tract 140.01, San Diego County, California",300100,22474
1400000US06073014002,06073014002,"Census Tract 140.02, San Diego County, California",328700,20814
1400000US06073014101,06073014101,"Census Tract 141.01, San Diego County, California",275800,9547
1400000US06073014102,06073014102,"Census Tract 141.02, San Diego County, California",280800,10802
1400000US06073014200,06073014200,"Census Tract 142, San Diego County, California",283200,9128
1400000US06073014300,06073014300,"Census Tract 143, San Diego County, California",275000,30961
1400000US06073014400,06073014400,"Census Tract 144, San Diego County, California",145800,130179
1400000US06073014500,06073014500,"Census Tract 145, San Diego County, California",332100,12840
1400000US06073014601,06073014601,"Census Tract 146.01, San Diego County, California",355000,29866
1400000US06073014602,06073014602,"Census Tract 146.02, San Diego County, California",490600,24299
1400000US06073014700,06073014700,"Census Tract 147, San Diego County, California",347000,12384
1400000US06073014803,06073014803,"Census Tract 148.03, San Diego County, California",327300,38455
1400000US06073014804,06073014804,"Census Tract 148.04, San Diego County, California",338800,14735
1400000US06073014805,06073014805,"Census Tract 148.05, San Diego County, California",294100,26796
1400000US06073014806,06073014806,"Census Tract 148.06, San Diego County, California",104500,139718
1400000US06073014901,06073014901,"Census Tract 149.01, San Diego County, California",484800,75747
1400000US06073014902,06073014902,"Census Tract 149.02, San Diego County, California",378800,52592
1400000US06073015000,06073015000,"Census Tract 150, San Diego County, California",367400,17384
1400000US06073015100,06073015100,"Census Tract 151, San Diego County, California",374800,14628
1400000US06073015200,06073015200,"Census Tract 152, San Diego County, California",611400,28035
1400000US06073015301,06073015301,"Census Tract 153.01, San Diego County, California",279100,16296
1400000US06073015302,06073015302,"Census Tract 153.02, San Diego County, California",418600,36563
1400000US06073015403,06073015403,"Census Tract 154.03, San Diego County, California",586400,23440
1400000US06073015404,06073015404,"Census Tract 154.04, San Diego County, California",366000,47785
1400000US06073015405,06073015405,"Census Tract 154.05, San Diego County, California",483300,36748
1400000US06073015406,06073015406,"Census Tract 154.06, San Diego County, California",635600,58708
1400000US06073015501,06073015501,"Census Tract 155.01, San Diego County, California",334400,24669
1400000US06073015502,06073015502,"Census Tract 155.02, San Diego County, California",400700,34313
1400000US06073015601,06073015601,"Census Tract 156.01, San Diego County, California",290200,19452
1400000US06073015602,06073015602,"Census Tract 156.02, San Diego County, California",547200,36289
1400000US06073015701,06073015701,"Census Tract 157.01, San Diego County, California",26100,13912
1400000US06073015703,06073015703,"Census Tract 157.03, San Diego County, California",19000,54105
1400000US06073015704,06073015704,"Census Tract 157.04, San Diego County, California",239000,29260
1400000US06073015801,06073015801,"Census Tract 158.01, San Diego County, California",268200,26019
1400000US06073015802,06073015802,"Census Tract 158.02, San Diego County, California",239200,31896
1400000US06073015901,06073015901,"Census Tract 159.01, San Diego County, California",15500,6541
1400000US06073015902,06073015902,"Census Tract 159.02, San Diego County, California",291100,34581
1400000US06073016000,06073016000,"Census Tract 160, San Diego County, California",333900,65944
1400000US06073016100,06073016100,"Census Tract 161, San Diego County, California",368100,27701
1400000US06073016201,06073016201,"Census Tract 162.01, San Diego County, California",470900,26733
1400000US06073016202,06073016202,"Census Tract 162.02, San Diego County, California",146800,150390
1400000US06073016301,06073016301,"Census Tract 163.01, San Diego County, California",280100,50670
1400000US06073016302,06073016302,"Census Tract 163.02, San Diego County, California",245900,28577
1400000US06073016401,06073016401,"Census Tract 164.01, San Diego County, California",333000,20089
1400000US06073016402,06073016402,"Census Tract 164.02, San Diego County, California",398800,37873
1400000US06073016502,06073016502,"Census Tract 165.02, San Diego County, California",324600,36652
1400000US06073016503,06073016503,"Census Tract 165.03, San Diego County, California",247600,72628
1400000US06073016504,06073016504,"Census Tract 165.04, San Diego County, California",68800,46937
1400000US06073016605,06073016605,"Census Tract 166.05, San Diego County, California",200300,25317
1400000US06073016606,06073016606,"Census Tract 166.06, San Diego County, California",335300,13178
1400000US06073016607,06073016607,"Census Tract 166.07, San Diego County, California",343400,14402
1400000US06073016608,06073016608,"Census Tract 166.08, San Diego County, California",372600,16676
1400000US06073016609,06073016609,"Census Tract 166.09, San Diego County, California",332500,13709
1400000US06073016610,06073016610,"Census Tract 166.10, San Diego County, California",319700,27900
1400000US06073016612,06073016612,"Census Tract 166.12, San Diego County, California",360800,9481
1400000US06073016613,06073016613,"Census Tract 166.13, San Diego County, California",341100,12725
1400000US06073016614,06073016614,"Census Tract 166.14, San Diego County, California",334800,16491
1400000US06073016615,06073016615,"Census Tract 166.15, San Diego County, California",312000,40288
1400000US06073016616,06073016616,"Census Tract 166.16, San Diego County, California",332600,18277
1400000US06073016617,06073016617,"Census Tract 166.17, San Diego County, California",167300,49647
1400000US06073016701,06073016701,"Census Tract 167.01, San Diego County, California",338300,28392
1400000US06073016702,06073016702,"Census Tract 167.02, San Diego County, California",311700,40430
1400000US06073016802,06073016802,"Census Tract 168.02, San Diego County, California",375900,58722
1400000US06073016804,06073016804,"Census Tract 168.04, San Diego County, California",298600,38334
1400000US06073016806,06073016806,"Census Tract 168.06, San Diego County, California",285200,50179
1400000US06073016807,06073016807,"Census Tract 168.07, San Diego County, California",328600,31709
1400000US06073016809,06073016809,"Census Tract 168.09, San Diego County, California",300400,28733
1400000US06073016810,06073016810,"Census Tract 168.10, San Diego County, California",389900,18354
1400000US06073016811,06073016811,"Census Tract 168.11, San Diego County, California",344200,20632
1400000US06073016901,06073016901,"Census Tract 169.01, San Diego County, California",342300,23114
1400000US06073016902,06073016902,"Census Tract 169.02, San Diego County, California",384000,38766
1400000US06073017006,06073017006,"Census Tract 170.06, San Diego County, California",670700,48937
1400000US06073017009,06073017009,"Census Tract 170.09, San Diego County, California",414500,40984
1400000US06073017010,06073017010,"Census Tract 170.10, San Diego County, California",456400,36189
1400000US06073017014,06073017014,"Census Tract 170.14, San Diego County, California",353600,14573
1400000US06073017015,06073017015,"Census Tract 170.15, San Diego County, California",474900,34728
1400000US06073017018,06073017018,"Census Tract 170.18, San Diego County, California",210500,14745
1400000US06073017019,06073017019,"Census Tract 170.19, San Diego County, California",524500,30528
1400000US06073017020,06073017020,"Census Tract 170.20, San Diego County, California",775500,87969
1400000US06073017021,06073017021,"Census Tract 170.21, San Diego County, California",771500,63337
1400000US06073017022,06073017022,"Census Tract 170.22, San Diego County, California",525200,46988
1400000US06073017029,06073017029,"Census Tract 170.29, San Diego County, California","1,000,000+",***
1400000US06073017030,06073017030,"Census Tract 170.30, San Diego County, California",627800,23868
1400000US06073017031,06073017031,"Census Tract 170.31, San Diego County, California",364700,29595
1400000US06073017032,06073017032,"Census Tract 170.32, San Diego County, California",612000,25353
1400000US06073017033,06073017033,"Census Tract 170.33, San Diego County, California",593400,16754
1400000US06073017034,06073017034,"Census Tract 170.34, San Diego County, California",469200,14745
1400000US06073017035,06073017035,"Census Tract 170.35, San Diego County, California",584400,24643
1400000US06073017036,06073017036,"Census Tract 170.36, San Diego County, California",418100,42588
1400000US06073017037,06073017037,"Census Tract 170.37, San Diego County, California",586600,17098
1400000US06073017039,06073017039,"Census Tract 170.39, San Diego County, California",545300,28596
1400000US06073017040,06073017040,"Census Tract 170.40, San Diego County, California",444600,24929
1400000US06073017041,06073017041,"Census Tract 170.41, San Diego County, California",412200,23172
1400000US06073017042,06073017042,"Census Tract 170.42, San Diego County, California",581800,22888
1400000US06073017043,06073017043,"Census Tract 170.43, San Diego County, California",640900,49235
1400000US06073017044,06073017044,"Census Tract 170.44, San Diego County, California",580100,31380
1400000US06073017045,06073017045,"Census Tract 170.45, San Diego County, California",678400,24668
1400000US06073017046,06073017046,"Census Tract 170.46, San Diego County, California",613900,31538
1400000US06073017047,06073017047,"Census Tract 170.47, San Diego County, California",626500,17090
1400000US06073017048,06073017048,"Census Tract 170.48, San Diego County, California",366800,32446
1400000US06073017049,06073017049,"Census Tract 170.49, San Diego County, California",384900,20458
1400000US06073017050,06073017050,"Census Tract 170.50, San Diego County, California",469300,44514
1400000US06073017051,06073017051,"Census Tract 170.51, San Diego County, California",443700,48329
1400000US06073017052,06073017052,"Census Tract 170.52, San Diego County, California",430200,63743
1400000US06073017053,06073017053,"Census Tract 170.53, San Diego County, California",872800,56947
1400000US06073017054,06073017054,"Census Tract 170.54, San Diego County, California",525200,47356
1400000US06073017055,06073017055,"Census Tract 170.55, San Diego County, California",561900,23566
1400000US06073017056,06073017056,"Census Tract 170.56, San Diego County, California",456700,21276
1400000US06073017104,06073017104,"Census Tract 171.04, San Diego County, California",597200,44663
1400000US06073017106,06073017106,"Census Tract 171.06, San Diego County, California","1,000,000+",***
1400000US06073017107,06073017107,"Census Tract 171.07, San Diego County, California",652000,16439
1400000US06073017108,06073017108,"Census Tract 171.08, San Diego County, California",587300,18558
1400000US06073017109,06073017109,"Census Tract 171.09, San Diego County, California",792200,55157
1400000US06073017110,06073017110,"Census Tract 171.10, San Diego County, California","1,000,000+",***
1400000US06073017200,06073017200,"Census Tract 172, San Diego County, California","1,000,000+",***
1400000US06073017303,06073017303,"Census Tract 173.03, San Diego County, California","1,000,000+",***
1400000US06073017304,06073017304,"Census Tract 173.04, San Diego County, California",828600,98638
1400000US06073017305,06073017305,"Census Tract 173.05, San Diego County, California",883200,59497
1400000US06073017306,06073017306,"Census Tract 173.06, San Diego County, California","1,000,000+",***
1400000US06073017401,06073017401,"Census Tract 174.01, San Diego County, California","1,000,000+",***
1400000US06073017403,06073017403,"Census Tract 174.03, San Diego County, California",617100,33160
1400000US06073017404,06073017404,"Census Tract 174.04, San Diego County, California",609500,40331
1400000US06073017501,06073017501,"Census Tract 175.01, San Diego County, California",818600,63676
1400000US06073017502,06073017502,"Census Tract 175.02, San Diego County, California",611800,54822
1400000US06073017601,06073017601,"Census Tract 176.01, San Diego County, California",778300,46269
1400000US06073017603,06073017603,"Census Tract 176.03, San Diego County, California",644200,83690
1400000US06073017604,06073017604,"Census Tract 176.04, San Diego County, California",750700,88736
1400000US06073017701,06073017701,"Census Tract 177.01, San Diego County, California",877500,69864
1400000US06073017702,06073017702,"Census Tract 177.02, San Diego County, California",632700,76202
1400000US06073017801,06073017801,"Census Tract 178.01, San Diego County, California",600400,36933
1400000US06073017808,06073017808,"Census Tract 178.08, San Diego County, California",698800,39971
1400000US06073017809,06073017809,"Census Tract 178.09, San Diego County, California",671400,52170
1400000US06073017810,06073017810,"Census Tract 178.10, San Diego County, California",611400,33146
1400000US06073017811,06073017811,"Census Tract 178.11, San Diego County, California",561000,52918
1400000US06073017813,06073017813,"Census Tract 178.13, San Diego County, California",612100,77137
1400000US06073017900,06073017900,"Census Tract 179, San Diego County, California",483800,43336
1400000US06073018000,06073018000,"Census Tract 180, San Diego County, California",614100,113941
1400000US06073018100,06073018100,"Census Tract 181, San Diego County, California",455200,28181
1400000US06073018200,06073018200,"Census Tract 182, San Diego County, California",444100,62976
1400000US06073018300,06073018300,"Census Tract 183, San Diego County, California",653500,126773
1400000US06073018400,06073018400,"Census Tract 184, San Diego County, California",517000,100815
1400000US06073018504,06073018504,"Census Tract 185.04, San Diego County, California",529500,54996
1400000US06073018507,06073018507,"Census Tract 185.07, San Diego County, California",284300,16583
1400000US06073018509,06073018509,"Census Tract 185.09, San Diego County, California",338200,24107
1400000US06073018510,06073018510,"Census Tract 185.10, San Diego County, California",305600,19127
1400000US06073018511,06073018511,"Census Tract 185.11, San Diego County, California",348900,15668
1400000US06073018512,06073018512,"Census Tract 185.12, San Diego County, California",189300,11486
1400000US06073018513,06073018513,"Census Tract 185.13, San Diego County, California",371000,16941
1400000US06073018514,06073018514,"Census Tract 185.14, San Diego County, California",395500,21595
1400000US06073018515,06073018515,"Census Tract 185.15, San Diego County, California",440500,44742
1400000US06073018516,06073018516,"Census Tract 185.16, San Diego County, California",335600,15305
1400000US06073018517,06073018517,"Census Tract 185.17, San Diego County, California",252100,15950
1400000US06073018518,06073018518,"Census Tract 185.18, San Diego County, California",296200,24071
1400000US06073018519,06073018519,"Census Tract 185.19, San Diego County, California",306200,21605
1400000US06073018601,06073018601,"Census Tract 186.01, San Diego County, California",376000,25929
1400000US06073018603,06073018603,"Census Tract 186.03, San Diego County, California",268800,66034
1400000US06073018608,06073018608,"Census Tract 186.08, San Diego County, California",311900,26218
1400000US06073018609,06073018609,"Census Tract 186.09, San Diego County, California",285000,26938
1400000US06073018610,06073018610,"Census Tract 186.10, San Diego County, California",337400,19890
1400000US06073018611,06073018611,"Census Tract 186.11, San Diego County, California",480800,22660
1400000US06073018612,06073018612,"Census Tract 186.12, San Diego County, California",334200,18147
1400000US06073018613,06073018613,"Census Tract 186.13, San Diego County, California",285800,28659
1400000US06073018614,06073018614,"Census Tract 186.14, San Diego County, California",114300,42529
1400000US06073018700,06073018700,"Census Tract 187, San Diego County, California",306500,100931
1400000US06073018801,06073018801,"Census Tract 188.01, San Diego County, California",484600,59248
1400000US06073018802,06073018802,"Census Tract 188.02, San Diego County, California",529700,43054
1400000US06073018803,06073018803,"Census Tract 188.03, San Diego County, California",526700,66264
1400000US06073018903,06073018903,"Census Tract 189.03, San Diego County, California",293400,18820
1400000US06073018904,06073018904,"Census Tract 189.04, San Diego County, California",323400,20361
1400000US06073018905,06073018905,"Census Tract 189.05, San Diego County, California",294800,19792
1400000US06073018906,06073018906,"Census Tract 189.06, San Diego County, California",381300,38994
1400000US06073019001,06073019001,"Census Tract 190.01, San Diego County, California",543000,51457
1400000US06073019002,06073019002,"Census Tract 190.02, San Diego County, California",504700,66130
1400000US06073019101,06073019101,"Census Tract 191.01, San Diego County, California",343100,15985
1400000US06073019103,06073019103,"Census Tract 191.03, San Diego County, California",388300,24550
1400000US06073019105,06073019105,"Census Tract 191.05, San Diego County, California",522900,44246
1400000US06073019106,06073019106,"Census Tract 191.06, San Diego County, California",441300,22540
1400000US06073019107,06073019107,"Census Tract 191.07, San Diego County, California",302500,118613
1400000US06073019203,06073019203,"Census Tract 192.03, San Diego County, California",390100,28303
1400000US06073019205,06073019205,"Census Tract 192.05, San Diego County, California",193800,23551
1400000US06073019206,06073019206,"Census Tract 192.06, San Diego County, California",305700,28332
1400000US06073019207,06073019207,"Census Tract 192.07, San Diego County, California",485900,43857
1400000US06073019208,06073019208,"Census Tract 192.08, San Diego County, California",573600,52447
1400000US06073019301,06073019301,"Census Tract 193.01, San Diego County, California",370000,14183
1400000US06073019302,06073019302,"Census Tract 193.02, San Diego County, California",333200,12272
1400000US06073019303,06073019303,"Census Tract 193.03, San Diego County, California",428200,21344
1400000US06073019403,06073019403,"Census Tract 194.03, San Diego County, California",276800,13756
1400000US06073019404,06073019404,"Census Tract 194.04, San Diego County, California",268200,21268
1400000US06073019405,06073019405,"Census Tract 194.05, San Diego County, California",349800,15792
1400000US06073019406,06073019406,"Census Tract 194.06, San Diego County, California",282300,11474
1400000US06073019501,06073019501,"Census Tract 195.01, San Diego County, California",242400,37456
1400000US06073019502,06073019502,"Census Tract 195.02, San Diego County, California",278500,26229
1400000US06073019503,06073019503,"Census Tract 195.03, San Diego County, California",156300,63964
1400000US06073019601,06073019601,"Census Tract 196.01, San Diego County, California",357600,17860
1400000US06073019602,06073019602,"Census Tract 196.02, San Diego County, California",418100,33172
1400000US06073019701,06073019701,"Census Tract 197.01, San Diego County, California",323600,35277
1400000US06073019702,06073019702,"Census Tract 197.02, San Diego County, California",352600,18588
1400000US06073019803,06073019803,"Census Tract 198.03, San Diego County, California",405000,38692
1400000US06073019804,06073019804,"Census Tract 198.04, San Diego County, California",529200,26403
1400000US06073019805,06073019805,"Census Tract 198.05, San Diego County, California",200000,52737
1400000US06073019806,06073019806,"Census Tract 198.06, San Diego County, California",420600,22969
1400000US06073019808,06073019808,"Census Tract 198.08, San Diego County, California",438700,18457
1400000US06073019809,06073019809,"Census Tract 198.09, San Diego County, California",362000,22398
1400000US06073019902,06073019902,"Census Tract 199.02, San Diego County, California",345800,17911
1400000US06073019903,06073019903,"Census Tract 199.03, San Diego County, California",392700,41620
1400000US06073019904,06073019904,"Census Tract 199.04, San Diego County, California",441100,36973
1400000US06073019905,06073019905,"Census Tract 199.05, San Diego County, California",420300,19579
1400000US06073020013,06073020013,"Census Tract 200.13, San Diego County, California",642200,44111
1400000US06073020014,06073020014,"Census Tract 200.14, San Diego County, California",577000,31803
1400000US06073020015,06073020015,"Census Tract 200.15, San Diego County, California",484200,40934
1400000US06073020016,06073020016,"Census Tract 200.16, San Diego County, California",679600,20993
1400000US06073020017,06073020017,"Census Tract 200.17, San Diego County, California",144900,315495
1400000US06073020018,06073020018,"Census Tract 200.18, San Diego County, California",240700,65154
1400000US06073020019,06073020019,"Census Tract 200.19, San Diego County, California",155500,29258
1400000US06073020020,06073020020,"Census Tract 200.20, San Diego County, California",413700,27028
1400000US06073020021,06073020021,"Census Tract 200.21, San Diego County, California",364300,15138
1400000US06073020022,06073020022,"Census Tract 200.22, San Diego County, California",430600,31663
1400000US06073020023,06073020023,"Census Tract 200.23, San Diego County, California",312800,24587
1400000US06073020024,06073020024,"Census Tract 200.24, San Diego County, California",331600,13479
1400000US06073020025,06073020025,"Census Tract 200.25, San Diego County, California",322500,22753
1400000US06073020026,06073020026,"Census Tract 200.26, San Diego County, California",361500,32433
1400000US06073020027,06073020027,"Census Tract 200.27, San Diego County, California",514800,30994
1400000US06073020028,06073020028,"Census Tract 200.28, San Diego County, California",203600,132447
1400000US06073020029,06073020029,"Census Tract 200.29, San Diego County, California",113100,68589
1400000US06073020103,06073020103,"Census Tract 201.03, San Diego County, California",447700,30466
1400000US06073020105,06073020105,"Census Tract 201.05, San Diego County, California",259200,27242
1400000US06073020106,06073020106,"Census Tract 201.06, San Diego County, California",318300,21037
1400000US06073020107,06073020107,"Census Tract 201.07, San Diego County, California",344300,24554
1400000US06073020108,06073020108,"Census Tract 201.08, San Diego County, California",266200,31234
1400000US06073020109,06073020109,"Census Tract 201.09, San Diego County, California",285200,11501
1400000US06073020202,06073020202,"Census Tract 202.02, San Diego County, California",189800,24539
1400000US06073020206,06073020206,"Census Tract 202.06, San Diego County, California",262500,10300
1400000US06073020207,06073020207,"Census Tract 202.07, San Diego County, California",199100,29724
1400000US06073020208,06073020208,"Census Tract 202.08, San Diego County, California",257500,16770
1400000US06073020209,06073020209,"Census Tract 202.09, San Diego County, California",71900,30566
1400000US06073020210,06073020210,"Census Tract 202.10, San Diego County, California",107100,89840
1400000US06073020211,06073020211,"Census Tract 202.11, San Diego County, California",271300,25060
1400000US06073020213,06073020213,"Census Tract 202.13, San Diego County, California",165100,87870
1400000US06073020214,06073020214,"Census Tract 202.14, San Diego County, California",264300,62477
1400000US06073020304,06073020304,"Census Tract 203.04, San Diego County, California",382800,27483
1400000US06073020305,06073020305,"Census Tract 203.05, San Diego County, California",345200,12667
1400000US06073020306,06073020306,"Census Tract 203.06, San Diego County, California",332900,25916
1400000US06073020307,06073020307,"Census Tract 203.07, San Diego County, California",318800,43798
1400000US06073020308,06073020308,"Census Tract 203.08, San Diego County, California",154500,28006
1400000US06073020309,06073020309,"Census Tract 203.09, San Diego County, California",354100,29740
1400000US06073020401,06073020401,"Census Tract 204.01, San Diego County, California",664500,27678
1400000US06073020403,06073020403,"Census Tract 204.03, San Diego County, California",330800,17737
1400000US06073020404,06073020404,"Census Tract 204.04, San Diego County, California",550100,47330
1400000US06073020405,06073020405,"Census Tract 204.05, San Diego County, California",596900,26619
1400000US06073020500,06073020500,"Census Tract 205, San Diego County, California",319000,37921
1400000US06073020601,06073020601,"Census Tract 206.01, San Diego County, California",265900,75049
1400000US06073020602,06073020602,"Census Tract 206.02, San Diego County, California",336200,40117
1400000US06073020705,06073020705,"Census Tract 207.05, San Diego County, California",363100,20967
1400000US06073020706,06073020706,"Census Tract 207.06, San Diego County, California",572700,43075
1400000US06073020707,06073020707,"Census Tract 207.07, San Diego County, California",244400,28103
1400000US06073020708,06073020708,"Census Tract 207.08, San Diego County, California",468000,35567
1400000US06073020709,06073020709,"Census Tract 207.09, San Diego County, California",438000,18085
1400000US06073020710,06073020710,"Census Tract 207.10, San Diego County, California",614700,31465
1400000US06073020801,06073020801,"Census Tract 208.01, San Diego County, California",507700,44651
1400000US06073020805,06073020805,"Census Tract 208.05, San Diego County, California",347800,17763
1400000US06073020806,06073020806,"Census Tract 208.06, San Diego County, California",252400,47578
1400000US06073020807,06073020807,"Census Tract 208.07, San Diego County, California",495500,74402
1400000US06073020809,06073020809,"Census Tract 208.09, San Diego County, California",340000,29381
1400000US06073020810,06073020810,"Census Tract 208.10, San Diego County, California",370800,11865
1400000US06073020811,06073020811,"Census Tract 208.11, San Diego County, California",365800,12853
1400000US06073020902,06073020902,"Census Tract 209.02, San Diego County, California",334900,36207
1400000US06073020903,06073020903,"Census Tract 209.03, San Diego County, California",182000,44685
1400000US06073020904,06073020904,"Census Tract 209.04, San Diego County, California",367600,41126
1400000US06073021000,06073021000,"Census Tract 210, San Diego County, California",187600,23731
1400000US06073021100,06073021100,"Census Tract 211, San Diego County, California",192000,34386
1400000US06073021202,06073021202,"Census Tract 212.02, San Diego County, California",261100,65708
1400000US06073021204,06073021204,"Census Tract 212.04, San Diego County, California",570300,39360
1400000US06073021205,06073021205,"Census Tract 212.05, San Diego County, California",383500,58253
1400000US06073021206,06073021206,"Census Tract 212.06, San Diego County, California",486600,48480
1400000US06073021302,06073021302,"Census Tract 213.02, San Diego County, California",388800,36952
1400000US06073021303,06073021303,"Census Tract 213.03, San Diego County, California",594100,23343
1400000US06073021304,06073021304,"Census Tract 213.04, San Diego County, California",505300,50122
1400000US06073021400,06073021400,"Census Tract 214, San Diego County, California",581600,61551
1400000US06073021500,06073021500,"Census Tract 215, San Diego County, California",945000,31195
1400000US06073021600,06073021600,"Census Tract 216, San Diego County, California","1,000,000+",***
1400000US06073021800,06073021800,"Census Tract 218, San Diego County, California","1,000,000+",***
1400000US06073021900,06073021900,"Census Tract 219, San Diego County, California",161300,11032
1400000US06073022000,06073022000,"Census Tract 220, San Diego County, California",242400,60347
1400000US06073022100,06073022100,"Census Tract 221, San Diego County, California",751500,42352
1400000US06073990100,06073990100,"Census Tract 9901, San Diego County, California",-,**
